{
	"credit": "Created with Blockbench [Exported as resourcepack with the \"resourcepack_packager\" plugin]",
	"parent": "bedrock",
	"textures": {
		"1": "block/bedrock/texture",
		"particle": "block/bedrock/texture"
	},
	"elements": [
		{
			"from": [4, 8.61538, 6.46154],
			"to": [8.76923, 12.76923, 11.23077],
			"rotation": {"angle": 0, "axis": "y", "origin": [6.76923, 8.61538, 6.46154]},
			"faces": {
				"north": {"uv": [5, 0, 10, 4], "texture": "#1"},
				"east": {"uv": [5, 4, 10, 8], "texture": "#1"},
				"south": {"uv": [5, 8, 10, 12], "texture": "#1"},
				"west": {"uv": [0, 10, 5, 14], "texture": "#1"},
				"up": {"uv": [5, 5, 0, 0], "texture": "#1"},
				"down": {"uv": [5, 5, 0, 10], "texture": "#1"}
			}
		}
	],
	"display": {}
}